https://idahoarea18aa.org/meetings?tsml-region=,aberdeen,Aberdeen,"{'key':'aberdeen','name':'Aberdeen'},"
https://idahoarea18aa.org/meetings?tsml-region=,alta-wy,Alta WY,"{'key':'alta-wy','name':'Alta WY'},"
https://idahoarea18aa.org/meetings?tsml-region=,american-falls,American Falls,"{'key':'american-falls','name':'American Falls'},"
https://idahoarea18aa.org/meetings?tsml-region=,arco,Arco,"{'key':'arco','name':'Arco'},"
https://idahoarea18aa.org/meetings?tsml-region=,ashton,Ashton,"{'key':'ashton','name':'Ashton'},"
https://idahoarea18aa.org/meetings?tsml-region=,baker-city-oregon,"Baker City, Oregon","{'key':'baker-city-oregon','name':'Baker City, Oregon'},"
https://idahoarea18aa.org/meetings?tsml-region=,bellevue,Bellevue,"{'key':'bellevue','name':'Bellevue'},"
https://idahoarea18aa.org/meetings?tsml-region=,blackfoot,Blackfoot,"{'key':'blackfoot','name':'Blackfoot'},"
https://idahoarea18aa.org/meetings?tsml-region=,boise,Boise,"{'key':'boise','name':'Boise'},"
https://idahoarea18aa.org/meetings?tsml-region=,buhl,Buhl,"{'key':'buhl','name':'Buhl'},"
https://idahoarea18aa.org/meetings?tsml-region=,burley,Burley,"{'key':'burley','name':'Burley'},"
https://idahoarea18aa.org/meetings?tsml-region=,caldwell,Caldwell,"{'key':'caldwell','name':'Caldwell'},"
https://idahoarea18aa.org/meetings?tsml-region=,cambridge,Cambridge,"{'key':'cambridge','name':'Cambridge'},"
https://idahoarea18aa.org/meetings?tsml-region=,cascade,Cascade,"{'key':'cascade','name':'Cascade'},"
https://idahoarea18aa.org/meetings?tsml-region=,challis,Challis,"{'key':'challis','name':'Challis'},"
https://idahoarea18aa.org/meetings?tsml-region=,council,Council,"{'key':'council','name':'Council'},"
https://idahoarea18aa.org/meetings?tsml-region=,donnelly,Donnelly,"{'key':'donnelly','name':'Donnelly'},"
https://idahoarea18aa.org/meetings?tsml-region=,driggs,Driggs,"{'key':'driggs','name':'Driggs'},"
https://idahoarea18aa.org/meetings?tsml-region=,eagle,Eagle,"{'key':'eagle','name':'Eagle'},"
https://idahoarea18aa.org/meetings?tsml-region=,emmett,Emmett,"{'key':'emmett','name':'Emmett'},"
https://idahoarea18aa.org/meetings?tsml-region=,fairfield,Fairfield,"{'key':'fairfield','name':'Fairfield'},"
https://idahoarea18aa.org/meetings?tsml-region=,filer,Filer,"{'key':'filer','name':'Filer'},"
https://idahoarea18aa.org/meetings?tsml-region=,firth,Firth,"{'key':'firth','name':'Firth'},"
https://idahoarea18aa.org/meetings?tsml-region=,fort-hall,Fort Hall,"{'key':'fort-hall','name':'Fort Hall'},"
https://idahoarea18aa.org/meetings?tsml-region=,garden-valley,Garden Valley,"{'key':'garden-valley','name':'Garden Valley'},"
https://idahoarea18aa.org/meetings?tsml-region=,glenns-ferry,Glenns Ferry,"{'key':'glenns-ferry','name':'Glenns Ferry'},"
https://idahoarea18aa.org/meetings?tsml-region=,gooding,Gooding,"{'key':'gooding','name':'Gooding'},"
https://idahoarea18aa.org/meetings?tsml-region=,grand-view,Grand View,"{'key':'grand-view','name':'Grand View'},"
https://idahoarea18aa.org/meetings?tsml-region=,hagerman,Hagerman,"{'key':'hagerman','name':'Hagerman'},"
https://idahoarea18aa.org/meetings?tsml-region=,hailey,Hailey,"{'key':'hailey','name':'Hailey'},"
https://idahoarea18aa.org/meetings?tsml-region=,homedale,Homedale,"{'key':'homedale','name':'Homedale'},"
https://idahoarea18aa.org/meetings?tsml-region=,horseshoe-bend,Horseshoe Bend,"{'key':'horseshoe-bend','name':'Horseshoe Bend'},"
https://idahoarea18aa.org/meetings?tsml-region=,idaho-city,Idaho City,"{'key':'idaho-city','name':'Idaho City'},"
https://idahoarea18aa.org/meetings?tsml-region=,idaho-falls,Idaho Falls,"{'key':'idaho-falls','name':'Idaho Falls'},"
https://idahoarea18aa.org/meetings?tsml-region=,inkom,Inkom,"{'key':'inkom','name':'Inkom'},"
https://idahoarea18aa.org/meetings?tsml-region=,island-park,Island Park,"{'key':'island-park','name':'Island Park'},"
https://idahoarea18aa.org/meetings?tsml-region=,jerome,Jerome,"{'key':'jerome','name':'Jerome'},"
https://idahoarea18aa.org/meetings?tsml-region=,kimberly,Kimberly,"{'key':'kimberly','name':'Kimberly'},"
https://idahoarea18aa.org/meetings?tsml-region=,kuna,Kuna,"{'key':'kuna','name':'Kuna'},"
https://idahoarea18aa.org/meetings?tsml-region=,lava-hot-springs,Lava Hot Springs,"{'key':'lava-hot-springs','name':'Lava Hot Springs'},"
https://idahoarea18aa.org/meetings?tsml-region=,mackay,Mackay,"{'key':'mackay','name':'Mackay'},"
https://idahoarea18aa.org/meetings?tsml-region=,malad,Malad,"{'key':'malad','name':'Malad'},"
https://idahoarea18aa.org/meetings?tsml-region=,mccall,McCall,"{'key':'mccall','name':'McCall'},"
https://idahoarea18aa.org/meetings?tsml-region=,mccammon,McCammon,"{'key':'mccammon','name':'McCammon'},"
https://idahoarea18aa.org/meetings?tsml-region=,meridian,Meridian,"{'key':'meridian','name':'Meridian'},"
https://idahoarea18aa.org/meetings?tsml-region=,middleton,Middleton,"{'key':'middleton','name':'Middleton'},"
https://idahoarea18aa.org/meetings?tsml-region=,montpelier,Montpelier,"{'key':'montpelier','name':'Montpelier'},"
https://idahoarea18aa.org/meetings?tsml-region=,mountain-home,Mountain Home,"{'key':'mountain-home','name':'Mountain Home'},"
https://idahoarea18aa.org/meetings?tsml-region=,nampa,Nampa,"{'key':'nampa','name':'Nampa'},"
https://idahoarea18aa.org/meetings?tsml-region=,new-plymouth,New Plymouth,"{'key':'new-plymouth','name':'New Plymouth'},"
https://idahoarea18aa.org/meetings?tsml-region=,ontario-oregon,"Ontario, Oregon","{'key':'ontario-oregon','name':'Ontario, Oregon'},"
https://idahoarea18aa.org/meetings?tsml-region=,owyhee-nevada,"Owyhee, Nevada","{'key':'owyhee-nevada','name':'Owyhee, Nevada'},"
https://idahoarea18aa.org/meetings?tsml-region=,parma,Parma,"{'key':'parma','name':'Parma'},"
https://idahoarea18aa.org/meetings?tsml-region=,paul,Paul,"{'key':'paul','name':'Paul'},"
https://idahoarea18aa.org/meetings?tsml-region=,payette,Payette,"{'key':'payette','name':'Payette'},"
https://idahoarea18aa.org/meetings?tsml-region=,pocatello,Pocatello,"{'key':'pocatello','name':'Pocatello'},"
https://idahoarea18aa.org/meetings?tsml-region=,preston,Preston,"{'key':'preston','name':'Preston'},"
https://idahoarea18aa.org/meetings?tsml-region=,rexburg,Rexburg,"{'key':'rexburg','name':'Rexburg'},"
https://idahoarea18aa.org/meetings?tsml-region=,rigby,Rigby,"{'key':'rigby','name':'Rigby'},"
https://idahoarea18aa.org/meetings?tsml-region=,riggins,Riggins,"{'key':'riggins','name':'Riggins'},"
https://idahoarea18aa.org/meetings?tsml-region=,ririe,Ririe,"{'key':'ririe','name':'Ririe'},"
https://idahoarea18aa.org/meetings?tsml-region=,rupert,Rupert,"{'key':'rupert','name':'Rupert'},"
https://idahoarea18aa.org/meetings?tsml-region=,salmon,Salmon,"{'key':'salmon','name':'Salmon'},"
https://idahoarea18aa.org/meetings?tsml-region=,shoshone,Shoshone,"{'key':'shoshone','name':'Shoshone'},"
https://idahoarea18aa.org/meetings?tsml-region=,soda-springs,Soda Springs,"{'key':'soda-springs','name':'Soda Springs'},"
https://idahoarea18aa.org/meetings?tsml-region=,st-anthony,St. Anthony,"{'key':'st-anthony','name':'St. Anthony'},"
https://idahoarea18aa.org/meetings?tsml-region=,sun-valley-ketchum,Sun Valley/Ketchum,"{'key':'sun-valley-ketchum','name':'Sun Valley/Ketchum'},"
https://idahoarea18aa.org/meetings?tsml-region=,swan-valley,Swan Valley,"{'key':'swan-valley','name':'Swan Valley'},"
https://idahoarea18aa.org/meetings?tsml-region=,twin-falls,Twin Falls,"{'key':'twin-falls','name':'Twin Falls'},"
https://idahoarea18aa.org/meetings?tsml-region=,vale-oregon,"Vale, Oregon","{'key':'vale-oregon','name':'Vale, Oregon'},"
https://idahoarea18aa.org/meetings?tsml-region=,victor,Victor,"{'key':'victor','name':'Victor'},"
https://idahoarea18aa.org/meetings?tsml-region=,weiser,Weiser,"{'key':'weiser','name':'Weiser'},"
https://idahoarea18aa.org/meetings?tsml-region=,wendell,Wendell,"{'key':'wendell','name':'Wendell'},"